"Country","year_numeric","avg_temp","state","numcol","yieldpercol","totalprod","stocks","priceperlb","prodvalue","is_yield_above_average","stocks_value"
"United States",2000,11,"AL",16000,78,1248000,187000,0.59,736000,TRUE,110330
"United States",2001,12,"AL",14000,73,1022000,235000,0.72,736000,TRUE,169200
"United States",2002,12,"AL",12000,86,1032000,103000,1.18,1218000,TRUE,121540
"United States",2003,11,"AL",13000,82,1066000,43000,1.24,1322000,TRUE,53320
"United States",2004,12,"AL",12000,87,1044000,282000,1.41,1472000,TRUE,397620
"United States",2005,12,"AL",13000,66,858000,266000,1.02,875000,TRUE,271320
"United States",2006,12,"AL",11000,72,792000,230000,1.21,958000,TRUE,278300
"United States",2007,12,"AL",11000,56,616000,209000,1.49,918000,TRUE,311410
"United States",2008,11,"AL",9000,66,594000,214000,1.9,1129000,TRUE,406600
"United States",2009,11,"AL",9000,50,450000,68000,1.86,837000,TRUE,126480
"United States",2010,12,"AL",9000,54,486000,73000,2.4,1166000,TRUE,175200
"United States",2011,12,"AL",9000,50,450000,63000,2.51,1130000,TRUE,158130
"United States",2012,13,"AL",8000,54,432000,65000,2.47,1067000,TRUE,160550
"United States",2000,11,"AZ",40000,59,2360000,1322000,0.73,1723000,TRUE,965060
"United States",2001,12,"AZ",43000,59,2537000,1142000,0.72,1827000,TRUE,822240
"United States",2002,12,"AZ",38000,63,2394000,1197000,1.08,2586000,TRUE,1292760
"United States",2003,11,"AZ",35000,72,2520000,983000,1.34,3377000,TRUE,1317220
"United States",2004,12,"AZ",32000,55,1760000,774000,1.11,1954000,TRUE,859140
"United States",2005,12,"AZ",36000,50,1800000,720000,1.04,1872000,TRUE,748800
"United States",2006,12,"AZ",30000,65,1950000,839000,0.91,1775000,TRUE,763490
"United States",2007,12,"AZ",30000,64,1920000,902000,1.26,2419000,TRUE,1136520
"United States",2008,11,"AZ",25000,64,1600000,336000,1.26,2016000,TRUE,423360
"United States",2009,11,"AZ",20000,52,1040000,562000,1.45,1508000,TRUE,814900
"United States",2010,12,"AZ",24000,77,1848000,665000,1.52,2809000,TRUE,1010800
"United States",2011,12,"AZ",23000,53,1219000,427000,1.55,1889000,TRUE,661850
"United States",2012,13,"AZ",22000,46,1012000,253000,1.79,1811000,FALSE,452870
"United States",2000,11,"AR",52000,93,4836000,3337000,0.57,2757000,TRUE,1902090
"United States",2001,12,"AR",50000,98,4900000,1617000,0.65,3185000,TRUE,1051050
"United States",2002,12,"AR",45000,88,3960000,871000,1.26,4990000,TRUE,1097460
"United States",2003,11,"AR",40000,75,3e+06,810000,1.26,3780000,TRUE,1020600
"United States",2004,12,"AR",40000,57,2280000,388000,0.87,1984000,TRUE,337560
"United States",2005,12,"AR",36000,69,2484000,571000,0.97,2409000,TRUE,553870
"United States",2006,12,"AR",32000,76,2432000,730000,0.89,2164000,TRUE,649700
"United States",2007,12,"AR",28000,80,2240000,672000,0.95,2128000,TRUE,638400
"United States",2008,11,"AR",28000,75,2100000,525000,1.35,2835000,TRUE,708750
"United States",2009,11,"AR",24000,57,1368000,301000,1.42,1943000,TRUE,427420
"United States",2010,12,"AR",25000,60,1500000,360000,1.47,2205000,TRUE,529200
"United States",2011,12,"AR",22000,64,1408000,239000,1.62,2281000,TRUE,387180
"United States",2012,13,"AR",25000,63,1575000,189000,1.98,3119000,TRUE,374220
"United States",2000,11,"CA",440000,70,30800000,11396000,0.59,18172000,TRUE,6723640
"United States",2001,12,"CA",460000,61,28060000,7857000,0.69,19361000,TRUE,5421330
"United States",2002,12,"CA",470000,50,23500000,3525000,1.32,31020000,TRUE,4653000
"United States",2003,11,"CA",480000,67,32160000,6432000,1.39,44702000,TRUE,8940480
"United States",2004,12,"CA",390000,45,17550000,5792000,1.05,18428000,FALSE,6081600
"United States",2005,12,"CA",4e+05,75,3e+07,9300000,0.86,25800000,TRUE,7998000
"United States",2006,12,"CA",380000,52,19760000,7706000,0.97,19167000,TRUE,7474820
"United States",2007,12,"CA",340000,40,13600000,3672000,1.04,14144000,FALSE,3818880
"United States",2008,11,"CA",360000,51,18360000,4039000,1.39,25520000,TRUE,5614210
"United States",2009,11,"CA",355000,33,11715000,2109000,1.39,16284000,FALSE,2931510
"United States",2010,12,"CA",410000,67,27470000,6318000,1.55,42579000,TRUE,9792900
"United States",2011,12,"CA",370000,48,17760000,3730000,1.65,29304000,TRUE,6154500
"United States",2012,13,"CA",330000,35,11550000,3119000,1.94,22407000,FALSE,6050860
"United States",2000,11,"CO",29000,60,1740000,957000,0.62,1079000,TRUE,593340
"United States",2001,12,"CO",26000,55,1430000,529000,0.71,1015000,TRUE,375590
"United States",2002,12,"CO",24000,60,1440000,576000,1.29,1858000,TRUE,743040
"United States",2003,11,"CO",24000,86,2064000,722000,1.4,2890000,TRUE,1010800
"United States",2004,12,"CO",23000,80,1840000,791000,1.35,2484000,TRUE,1067850
"United States",2005,12,"CO",28000,70,1960000,902000,0.97,1901000,TRUE,874940
"United States",2006,12,"CO",36000,75,2700000,1458000,1.04,2808000,TRUE,1516320
"United States",2007,12,"CO",31000,51,1581000,838000,1.15,1818000,TRUE,963700
"United States",2008,11,"CO",27000,45,1215000,656000,1.51,1835000,FALSE,990560
"United States",2009,11,"CO",28000,53,1484000,326000,1.43,2122000,TRUE,466180
"United States",2010,12,"CO",34000,56,1904000,533000,1.52,2894000,TRUE,810160
"United States",2011,12,"CO",31000,55,1705000,443000,2,3410000,TRUE,886000
"United States",2012,13,"CO",25000,48,1200000,468000,2.07,2484000,TRUE,968760
"United States",2000,11,"FL",232000,105,24360000,2923000,0.54,13154000,TRUE,1578420
"United States",2001,12,"FL",220000,100,2.2e+07,3432000,0.64,14080000,TRUE,2196480
"United States",2002,12,"FL",220000,93,20460000,2026000,1.14,23324000,TRUE,2309640
"United States",2003,11,"FL",210000,71,14910000,1491000,1.32,19681000,TRUE,1968120
"United States",2004,12,"FL",205000,98,20090000,2009000,1.02,20492000,TRUE,2049180
"United States",2005,12,"FL",160000,86,13760000,2477000,0.87,11971000,TRUE,2154990
"United States",2006,12,"FL",170000,81,13770000,1790000,1,13770000,TRUE,1790000
"United States",2007,12,"FL",160000,71,11360000,1363000,0.99,11246000,TRUE,1349370
"United States",2008,11,"FL",150000,79,11850000,1304000,1.32,15642000,TRUE,1721280
"United States",2009,11,"FL",170000,68,11560000,1618000,1.42,16415000,TRUE,2297560
"United States",2010,12,"FL",2e+05,69,13800000,1794000,1.56,21528000,TRUE,2798640
"United States",2011,12,"FL",180000,61,10980000,988000,1.68,18446000,TRUE,1659840
"United States",2012,13,"FL",193000,64,12352000,1235000,1.84,22728000,TRUE,2272400
"United States",2000,11,"HI",7000,112,784000,125000,0.82,643000,TRUE,102500
"United States",2001,12,"HI",8000,87,696000,84000,0.87,606000,TRUE,73080
"United States",2002,12,"HI",7000,136,952000,29000,1.11,1057000,TRUE,32190
"United States",2003,11,"HI",7000,114,798000,43000,1.45,1157000,TRUE,62350
"United States",2004,12,"HI",8000,96,768000,77000,1.59,1221000,TRUE,122430
"United States",2005,12,"HI",9000,131,1179000,283000,1.43,1686000,TRUE,404690
"United States",2006,12,"HI",10000,93,930000,233000,1.21,1125000,TRUE,281930
"United States",2007,12,"HI",10000,92,920000,285000,1.7,1564000,TRUE,484500
"United States",2008,11,"HI",10000,90,9e+05,225000,1.59,1431000,TRUE,357750
"United States",2009,11,"HI",10000,95,950000,323000,1.76,1672000,TRUE,568480
"United States",2010,12,"HI",10000,77,770000,239000,2.75,2118000,TRUE,657250
"United States",2011,12,"HI",9000,74,666000,246000,3.65,2431000,TRUE,897900
"United States",2012,13,"HI",10000,75,750000,263000,4.15,3113000,TRUE,1091450
"United States",2000,11,"ID",1e+05,47,4700000,2679000,0.52,2444000,FALSE,1393080
"United States",2001,12,"ID",1e+05,46,4600000,1610000,0.67,3082000,FALSE,1078700
"United States",2002,12,"ID",1e+05,57,5700000,1653000,1.37,7809000,TRUE,2264610
"United States",2003,11,"ID",1e+05,46,4600000,1380000,1.33,6118000,FALSE,1835400
"United States",2004,12,"ID",1e+05,63,6300000,2520000,1.02,6426000,TRUE,2570400
"United States",2005,12,"ID",95000,37,3515000,1793000,0.8,2812000,FALSE,1434400
"United States",2006,12,"ID",95000,44,4180000,2592000,0.97,4055000,FALSE,2514240
"United States",2007,12,"ID",92000,41,3772000,1848000,1.15,4338000,FALSE,2125200
"United States",2008,11,"ID",90000,40,3600000,1440000,1.46,5256000,FALSE,2102400
"United States",2009,11,"ID",103000,46,4738000,1706000,1.52,7202000,FALSE,2593120
"United States",2010,12,"ID",97000,27,2619000,1179000,1.61,4217000,FALSE,1898190
"United States",2011,12,"ID",87000,36,3132000,1879000,1.78,5575000,FALSE,3344620
"United States",2012,13,"ID",92000,32,2944000,530000,1.63,4799000,FALSE,863900
"United States",2000,11,"IL",8000,61,488000,146000,1.17,571000,TRUE,170820
"United States",2001,12,"IL",6000,76,456000,251000,1.58,720000,TRUE,396580
"United States",2002,12,"IL",9000,80,720000,130000,1.47,1058000,TRUE,191100
"United States",2003,11,"IL",7000,60,420000,252000,1.83,769000,TRUE,461160
"United States",2004,12,"IL",7000,55,385000,193000,1.86,716000,TRUE,358980
"United States",2005,12,"IL",8000,85,680000,408000,1.84,1251000,TRUE,750720
"United States",2006,12,"IL",10000,66,660000,356000,2.14,1412000,TRUE,761840
"United States",2007,12,"IL",9000,63,567000,374000,2.49,1412000,TRUE,931260
"United States",2008,11,"IL",8000,56,448000,116000,2.59,1160000,TRUE,300440
"United States",2009,11,"IL",8000,34,272000,57000,2.55,694000,FALSE,145350
"United States",2010,12,"IL",9000,41,369000,92000,2.78,1026000,FALSE,255760
"United States",2011,12,"IL",7000,50,350000,98000,3.9,1365000,TRUE,382200
"United States",2012,13,"IL",7000,61,427000,145000,3.55,1516000,TRUE,514750
"United States",2000,11,"IN",8000,65,520000,286000,1.03,536000,TRUE,294580
"United States",2001,12,"IN",7000,76,532000,186000,0.92,489000,TRUE,171120
"United States",2002,12,"IN",8000,62,496000,233000,1.19,590000,TRUE,277270
"United States",2003,11,"IN",5000,56,280000,78000,1.66,465000,TRUE,129480
"United States",2004,12,"IN",7000,59,413000,145000,1.47,607000,TRUE,213150
"United States",2005,12,"IN",8000,64,512000,189000,1.18,604000,TRUE,223020
"United States",2006,12,"IN",7000,54,378000,125000,1.58,597000,TRUE,197500
"United States",2007,12,"IN",8000,53,424000,119000,1.5,636000,TRUE,178500
"United States",2008,11,"IN",7000,67,469000,150000,1.68,788000,TRUE,252000
"United States",2009,11,"IN",9000,32,288000,101000,2.02,582000,FALSE,204020
"United States",2010,12,"IN",10000,43,430000,151000,2.23,959000,FALSE,336730
"United States",2011,12,"IN",8000,51,408000,147000,2.14,873000,TRUE,314580
"United States",2012,13,"IN",8000,59,472000,203000,2.54,1199000,TRUE,515620
"United States",2000,11,"IA",30000,67,2010000,1206000,0.68,1367000,TRUE,820080
"United States",2001,12,"IA",33000,51,1683000,875000,0.75,1262000,TRUE,656250
"United States",2002,12,"IA",33000,70,2310000,901000,1.43,3303000,TRUE,1288430
"United States",2003,11,"IA",32000,59,1888000,868000,1.42,2681000,TRUE,1232560
"United States",2004,12,"IA",35000,67,2345000,1337000,1.06,2486000,TRUE,1417220
"United States",2005,12,"IA",28000,88,2464000,1232000,1.21,2981000,TRUE,1490720
"United States",2006,12,"IA",26000,84,2184000,1441000,1.37,2992000,TRUE,1974170
"United States",2007,12,"IA",26000,81,2106000,1221000,1.31,2759000,TRUE,1599510
"United States",2008,11,"IA",24000,62,1488000,580000,1.58,2351000,TRUE,916400
"United States",2009,11,"IA",26000,42,1092000,339000,1.6,1747000,FALSE,542400
"United States",2010,12,"IA",27000,49,1323000,463000,1.92,2540000,TRUE,888960
"United States",2011,12,"IA",25000,62,1550000,961000,1.96,3038000,TRUE,1883560
"United States",2012,13,"IA",37000,61,2257000,1196000,2.17,4898000,TRUE,2595320
"United States",2000,11,"KS",15000,68,1020000,520000,0.91,928000,TRUE,473200
"United States",2001,12,"KS",13000,51,663000,530000,0.96,636000,TRUE,508800
"United States",2002,12,"KS",17000,52,884000,407000,1.5,1326000,TRUE,610500
"United States",2003,11,"KS",16000,57,912000,447000,1.41,1286000,TRUE,630270
"United States",2004,12,"KS",14000,80,1120000,683000,1.18,1322000,TRUE,805940
"United States",2005,12,"KS",16000,50,8e+05,328000,1.05,840000,TRUE,344400
"United States",2006,12,"KS",14000,55,770000,246000,1.17,901000,TRUE,287820
"United States",2007,12,"KS",14000,40,560000,196000,1.18,661000,FALSE,231280
"United States",2008,11,"KS",10000,61,610000,128000,1.55,946000,TRUE,198400
"United States",2009,11,"KS",9000,63,567000,164000,1.85,1049000,TRUE,303400
"United States",2010,12,"KS",9000,52,468000,103000,2.02,945000,TRUE,208060
"United States",2011,12,"KS",7000,44,308000,117000,2.15,662000,FALSE,251550
"United States",2012,13,"KS",6000,55,330000,125000,2.28,752000,TRUE,285000
"United States",2000,11,"KY",4000,48,192000,54000,1.35,259000,TRUE,72900
"United States",2001,12,"KY",4000,78,312000,125000,1.41,440000,TRUE,176250
"United States",2002,12,"KY",5000,54,270000,78000,1.63,440000,TRUE,127140
"United States",2003,11,"KY",5000,48,240000,14000,1.67,401000,TRUE,23380
"United States",2004,12,"KY",5000,56,280000,34000,1.96,549000,TRUE,66640
"United States",2005,12,"KY",5000,50,250000,40000,2.08,520000,TRUE,83200
"United States",2006,12,"KY",5000,56,280000,70000,2.19,613000,TRUE,153300
"United States",2007,12,"KY",4000,61,244000,54000,2.12,517000,TRUE,114480
"United States",2008,11,"KY",4000,39,156000,27000,2.44,381000,FALSE,65880
"United States",2009,11,"KY",5000,35,175000,25000,2.71,474000,FALSE,67750
"United States",2010,12,"KY",5000,67,335000,67000,2.72,911000,TRUE,182240
"United States",2011,12,"KY",4000,39,156000,12000,3.17,495000,FALSE,38040
"United States",2012,13,"KY",5000,51,255000,41000,3.15,803000,TRUE,129150
"United States",2000,11,"LA",43000,94,4042000,1334000,0.52,2102000,TRUE,693680
"United States",2001,12,"LA",45000,106,4770000,572000,0.6,2862000,TRUE,343200
"United States",2002,12,"LA",35000,124,4340000,347000,1.16,5034000,TRUE,402520
"United States",2003,11,"LA",34000,90,3060000,275000,1.24,3794000,TRUE,341000
"United States",2004,12,"LA",35000,98,3430000,240000,0.79,2710000,TRUE,189600
"United States",2005,12,"LA",35000,97,3395000,611000,0.72,2444000,TRUE,439920
"United States",2006,12,"LA",30000,90,2700000,675000,0.9,2430000,TRUE,607500
"United States",2007,12,"LA",29000,89,2581000,413000,1.08,2787000,TRUE,446040
"United States",2008,11,"LA",40000,77,3080000,493000,1.36,4189000,TRUE,670480
"United States",2009,11,"LA",37000,103,3811000,610000,1.36,5183000,TRUE,829600
"United States",2010,12,"LA",36000,80,2880000,288000,1.5,4320000,TRUE,432000
"United States",2011,12,"LA",36000,77,2772000,471000,1.67,4629000,TRUE,786570
"United States",2012,13,"LA",41000,86,3526000,141000,1.83,6453000,TRUE,258030
"United States",2000,11,"ME",11000,21,231000,143000,0.75,173000,FALSE,107250
"United States",2001,12,"ME",11000,20,220000,106000,0.79,174000,FALSE,83740
"United States",2002,12,"ME",11000,41,451000,266000,1.21,546000,FALSE,321860
"United States",2003,11,"ME",8000,33,264000,145000,1.41,372000,FALSE,204450
"United States",2004,12,"ME",7000,31,217000,37000,1.28,278000,FALSE,47360
"United States",2005,12,"ME",8000,26,208000,193000,1.66,345000,FALSE,320380
"United States",2006,12,"ME",11000,23,253000,86000,1.6,405000,FALSE,137600
"United States",2007,12,"ME",9000,26,234000,59000,1.32,309000,FALSE,77880
"United States",2008,11,"ME",7000,42,294000,79000,1.57,462000,FALSE,124030
"United States",2009,11,"ME",6000,50,3e+05,51000,1.95,585000,TRUE,99450
"United States",2010,12,"ME",5000,41,205000,33000,2.05,420000,FALSE,67650
"United States",2011,12,"ME",4000,30,120000,17000,1.98,238000,FALSE,33660
"United States",2012,13,"ME",4000,34,136000,24000,2.39,325000,FALSE,57360
"United States",2000,11,"MD",6000,46,276000,52000,1.14,315000,FALSE,59280
"United States",2001,12,"MD",4000,46,184000,55000,1.6,294000,FALSE,88000
"United States",2002,12,"MD",3000,46,138000,21000,1.96,270000,FALSE,41160
"United States",2003,11,"MD",2000,42,84000,21000,1.93,162000,FALSE,40530
"United States",2000,11,"MI",72000,75,5400000,2970000,0.6,3240000,TRUE,1782000
"United States",2001,12,"MI",76000,60,4560000,2827000,0.81,3694000,TRUE,2289870
"United States",2002,12,"MI",72000,77,5544000,1885000,1.4,7762000,TRUE,2639000
"United States",2003,11,"MI",65000,74,4810000,1732000,1.41,6782000,TRUE,2442120
"United States",2004,12,"MI",65000,67,4355000,2439000,1.16,5052000,TRUE,2829240
"United States",2005,12,"MI",65000,68,4420000,2519000,0.94,4155000,TRUE,2367860
"United States",2006,12,"MI",72000,55,3960000,2099000,1.15,4554000,TRUE,2413850
"United States",2007,12,"MI",72000,64,4608000,2350000,1.19,5484000,TRUE,2796500
"United States",2008,11,"MI",71000,73,5183000,2021000,1.44,7464000,TRUE,2910240
"United States",2009,11,"MI",66000,60,3960000,1505000,1.55,6138000,TRUE,2332750
"United States",2010,12,"MI",71000,58,4118000,1524000,1.67,6877000,TRUE,2545080
"United States",2011,12,"MI",74000,64,4736000,2084000,1.81,8572000,TRUE,3772040
"United States",2012,13,"MI",73000,57,4161000,1332000,2.03,8447000,TRUE,2703960
"United States",2000,11,"MN",150000,90,13500000,3105000,0.57,7695000,TRUE,1769850
"United States",2001,12,"MN",135000,81,10935000,1859000,0.65,7108000,TRUE,1208350
"United States",2002,12,"MN",117000,73,8541000,1110000,1.47,12555000,TRUE,1631700
"United States",2003,11,"MN",120000,83,9960000,1892000,1.44,14342000,TRUE,2724480
"United States",2004,12,"MN",135000,75,10125000,1924000,1.08,10935000,TRUE,2077920
"United States",2005,12,"MN",120000,74,8880000,1598000,0.9,7992000,TRUE,1438200
"United States",2006,12,"MN",125000,80,1e+07,3300000,0.94,9400000,TRUE,3102000
"United States",2007,12,"MN",130000,68,8840000,2564000,1.04,9194000,TRUE,2666560
"United States",2008,11,"MN",122000,78,9516000,2569000,1.39,13227000,TRUE,3570910
"United States",2009,11,"MN",122000,65,7930000,1427000,1.44,11419000,TRUE,2054880
"United States",2010,12,"MN",128000,66,8448000,1774000,1.55,13094000,TRUE,2749700
"United States",2011,12,"MN",120000,53,6360000,2099000,1.63,10367000,TRUE,3421370
"United States",2012,13,"MN",125000,67,8375000,1591000,1.92,16080000,TRUE,3054720
"United States",2000,11,"MS",17000,72,1224000,649000,0.69,845000,TRUE,447810
"United States",2001,12,"MS",17000,66,1122000,224000,0.89,999000,TRUE,199360
"United States",2002,12,"MS",18000,78,1404000,281000,1.23,1727000,TRUE,345630
"United States",2003,11,"MS",21000,69,1449000,246000,1.29,1869000,TRUE,317340
"United States",2004,12,"MS",18000,65,1170000,421000,0.79,924000,TRUE,332590
"United States",2005,12,"MS",16000,80,1280000,346000,0.67,858000,TRUE,231820
"United States",2006,12,"MS",14000,98,1372000,453000,0.93,1276000,TRUE,421290
"United States",2007,12,"MS",15000,92,1380000,166000,0.91,1256000,TRUE,151060
"United States",2008,11,"MS",14000,98,1372000,110000,1.3,1784000,TRUE,143000
"United States",2009,11,"MS",14000,104,1456000,87000,1.32,1922000,TRUE,114840
"United States",2010,12,"MS",16000,98,1568000,78000,1.44,2258000,TRUE,112320
"United States",2011,12,"MS",18000,115,2070000,104000,1.53,3167000,TRUE,159120
"United States",2012,13,"MS",18000,118,2124000,64000,1.77,3759000,TRUE,113280
"United States",2000,11,"MO",23000,75,1725000,362000,0.6,1035000,TRUE,217200
"United States",2001,12,"MO",22000,61,1342000,336000,0.71,953000,TRUE,238560
"United States",2002,12,"MO",18000,50,9e+05,189000,1.42,1278000,TRUE,268380
"United States",2003,11,"MO",17000,53,901000,189000,1.41,1270000,TRUE,266490
"United States",2004,12,"MO",16000,41,656000,151000,1.36,892000,FALSE,205360
"United States",2005,12,"MO",15000,50,750000,180000,1.22,915000,TRUE,219600
"United States",2006,12,"MO",15000,46,690000,117000,0.98,676000,FALSE,114660
"United States",2007,12,"MO",14000,46,644000,148000,1.12,721000,FALSE,165760
"United States",2008,11,"MO",11000,53,583000,152000,1.68,979000,TRUE,255360
"United States",2009,11,"MO",11000,47,517000,57000,1.99,1029000,FALSE,113430
"United States",2010,12,"MO",11000,52,572000,92000,1.8,1030000,TRUE,165600
"United States",2011,12,"MO",8000,43,344000,76000,2.14,736000,FALSE,162640
"United States",2012,13,"MO",7000,53,371000,108000,2.8,1039000,TRUE,302400
"United States",2000,11,"MT",124000,88,10912000,4692000,0.59,6438000,TRUE,2768280
"United States",2001,12,"MT",136000,102,13872000,4578000,0.67,9294000,TRUE,3067260
"United States",2002,12,"MT",134000,63,8442000,1097000,1.38,11650000,TRUE,1513860
"United States",2003,11,"MT",145000,66,9570000,1914000,1.44,13781000,TRUE,2756160
"United States",2004,12,"MT",140000,77,10780000,3773000,1.08,11642000,TRUE,4074840
"United States",2005,12,"MT",130000,67,8710000,3136000,0.86,7491000,TRUE,2696960
"United States",2006,12,"MT",132000,79,10428000,1981000,0.95,9907000,TRUE,1881950
"United States",2007,12,"MT",135000,68,9180000,2479000,0.99,9088000,TRUE,2454210
"United States",2008,11,"MT",134000,70,9380000,4596000,1.37,12851000,TRUE,6296520
"United States",2009,11,"MT",146000,70,10220000,3577000,1.46,14921000,TRUE,5222420
"United States",2010,12,"MT",157000,74,11618000,2905000,1.58,18356000,TRUE,4589900
"United States",2011,12,"MT",145000,92,13340000,3202000,1.7,22678000,TRUE,5443400
"United States",2012,13,"MT",145000,52,7540000,2413000,1.95,14703000,TRUE,4705350
"United States",2000,11,"NE",50000,87,4350000,2610000,0.59,2567000,TRUE,1539900
"United States",2001,12,"NE",43000,48,2064000,1115000,0.72,1486000,TRUE,802800
"United States",2002,12,"NE",43000,75,3225000,1161000,1.49,4805000,TRUE,1729890
"United States",2003,11,"NE",45000,74,3330000,1299000,1.38,4595000,TRUE,1792620
"United States",2004,12,"NE",51000,89,4539000,2043000,1.01,4584000,TRUE,2063430
"United States",2005,12,"NE",40000,68,2720000,2530000,0.87,2366000,TRUE,2201100
"United States",2006,12,"NE",47000,73,3431000,3843000,0.93,3191000,TRUE,3573990
"United States",2007,12,"NE",45000,49,2205000,1477000,1.03,2271000,TRUE,1521310
"United States",2008,11,"NE",36000,67,2412000,1254000,1.45,3497000,TRUE,1818300
"United States",2009,11,"NE",48000,56,2688000,1102000,1.46,3924000,TRUE,1608920
"United States",2010,12,"NE",41000,55,2255000,902000,1.51,3405000,TRUE,1362020
"United States",2011,12,"NE",41000,59,2419000,653000,1.75,4233000,TRUE,1142750
"United States",2012,13,"NE",43000,65,2795000,1146000,1.93,5394000,TRUE,2211780
"United States",2000,11,"NV",10000,35,350000,95000,1.45,508000,FALSE,137750
"United States",2001,12,"NV",9000,50,450000,36000,2.14,963000,TRUE,77040
"United States",2002,12,"NV",9000,62,558000,61000,2.67,1490000,TRUE,162870
"United States",2003,11,"NV",6000,64,384000,46000,2.04,783000,TRUE,93840
"United States",2004,12,"NV",14000,55,770000,316000,1.78,1371000,TRUE,562480
"United States",2005,12,"NV",12000,46,552000,442000,3.11,1717000,FALSE,1374620
"United States",2006,12,"NV",9000,37,333000,50000,3.62,1205000,FALSE,181000
"United States",2007,12,"NV",10000,28,280000,67000,2.99,837000,FALSE,200330
"United States",2008,11,"NV",10000,29,290000,52000,1.42,412000,FALSE,73840
"United States",2000,11,"NJ",11000,35,385000,2e+05,0.61,235000,FALSE,122000
"United States",2001,12,"NJ",11000,34,374000,71000,0.85,318000,FALSE,60350
"United States",2002,12,"NJ",11000,40,440000,92000,1,440000,FALSE,92000
"United States",2003,11,"NJ",10000,19,190000,101000,1.6,304000,FALSE,161600
"United States",2004,12,"NJ",12000,27,324000,45000,1.4,454000,FALSE,63000
"United States",2005,12,"NJ",12000,32,384000,104000,1.2,461000,FALSE,124800
"United States",2006,12,"NJ",9000,36,324000,152000,1.14,369000,FALSE,173280
"United States",2007,12,"NJ",9000,57,513000,185000,1.96,1005000,TRUE,362600
"United States",2008,11,"NJ",9000,40,360000,122000,1.62,583000,FALSE,197640
"United States",2009,11,"NJ",11000,32,352000,70000,2.36,831000,FALSE,165200
"United States",2010,12,"NJ",13000,35,455000,73000,1.9,865000,FALSE,138700
"United States",2011,12,"NJ",11000,41,451000,135000,3.7,1669000,FALSE,499500
"United States",2012,13,"NJ",14000,33,462000,51000,1.97,910000,FALSE,100470
"United States",2000,11,"NM",15000,64,960000,739000,0.72,691000,TRUE,532080
"United States",2001,12,"NM",10000,70,7e+05,350000,0.66,462000,TRUE,231000
"United States",2002,12,"NM",11000,44,484000,252000,1.1,532000,FALSE,277200
"United States",2003,11,"NM",6000,41,246000,108000,1.2,295000,FALSE,129600
"United States",2004,12,"NM",8000,44,352000,127000,1.19,419000,FALSE,151130
"United States",2005,12,"NM",7000,49,343000,113000,1.03,353000,TRUE,116390
"United States",2006,12,"NM",7000,48,336000,104000,1.19,4e+05,TRUE,123760
"United States",2007,12,"NM",6000,59,354000,138000,1.42,503000,TRUE,195960
"United States",2008,11,"NM",6000,48,288000,95000,1.48,426000,TRUE,140600
"United States",2009,11,"NM",7000,60,420000,143000,1.59,668000,TRUE,227370
"United States",2010,12,"NM",7000,66,462000,157000,1.58,730000,TRUE,248060
"United States",2011,12,"NM",7000,56,392000,153000,1.69,662000,TRUE,258570
"United States",2012,13,"NM",5000,52,260000,99000,3.39,881000,TRUE,335610
"United States",2000,11,"NY",58000,80,4640000,2274000,0.55,2552000,TRUE,1250700
"United States",2001,12,"NY",53000,70,3710000,1781000,0.79,2931000,TRUE,1406990
"United States",2002,12,"NY",60000,98,5880000,2470000,1.25,7350000,TRUE,3087500
"United States",2003,11,"NY",67000,72,4824000,1640000,1.36,6561000,TRUE,2230400
"United States",2004,12,"NY",64000,67,4288000,1887000,1.36,5832000,TRUE,2566320
"United States",2005,12,"NY",59000,73,4307000,2283000,1.34,5771000,TRUE,3059220
"United States",2006,12,"NY",58000,64,3712000,2376000,1.3,4826000,TRUE,3088800
"United States",2007,12,"NY",53000,57,3021000,1843000,1.38,4169000,TRUE,2543340
"United States",2008,11,"NY",50000,70,3500000,1260000,1.65,5775000,TRUE,2079000
"United States",2009,11,"NY",45000,65,2925000,936000,1.93,5645000,TRUE,1806480
"United States",2010,12,"NY",45000,64,2880000,1123000,1.96,5645000,TRUE,2201080
"United States",2011,12,"NY",49000,56,2744000,1235000,1.96,5378000,TRUE,2420600
"United States",2012,13,"NY",51000,51,2601000,988000,2.23,5800000,TRUE,2203240
"United States",2000,11,"NC",11000,49,539000,243000,1.43,771000,TRUE,347490
"United States",2001,12,"NC",13000,44,572000,172000,1.48,847000,FALSE,254560
"United States",2002,12,"NC",16000,42,672000,74000,1.41,948000,FALSE,104340
"United States",2003,11,"NC",10000,44,440000,79000,1.92,845000,FALSE,151680
"United States",2004,12,"NC",9000,40,360000,72000,1.93,695000,FALSE,138960
"United States",2005,12,"NC",10000,54,540000,146000,1.88,1015000,TRUE,274480
"United States",2006,12,"NC",10000,50,5e+05,215000,1.57,785000,TRUE,337550
"United States",2007,12,"NC",12000,45,540000,76000,2.49,1345000,FALSE,189240
"United States",2008,11,"NC",12000,52,624000,137000,2.18,1360000,TRUE,298660
"United States",2009,11,"NC",11000,45,495000,84000,2.57,1272000,FALSE,215880
"United States",2010,12,"NC",13000,46,598000,144000,2.66,1591000,FALSE,383040
"United States",2011,12,"NC",14000,62,868000,95000,2.83,2456000,TRUE,268850
"United States",2012,13,"NC",13000,39,507000,106000,3.76,1906000,FALSE,398560
"United States",2000,11,"ND",3e+05,115,34500000,13800000,0.57,19665000,TRUE,7866000
"United States",2001,12,"ND",280000,96,26880000,9408000,0.69,18547000,TRUE,6491520
"United States",2002,12,"ND",320000,75,2.4e+07,8160000,1.46,35040000,TRUE,11913600
"United States",2003,11,"ND",340000,87,29580000,6803000,1.36,40229000,TRUE,9252080
"United States",2004,12,"ND",390000,78,30420000,9126000,1.05,31941000,TRUE,9582300
"United States",2005,12,"ND",370000,91,33670000,8418000,0.83,27946000,TRUE,6986940
"United States",2006,12,"ND",350000,74,25900000,7770000,0.91,23569000,TRUE,7070700
"United States",2007,12,"ND",420000,74,31080000,9013000,0.96,29837000,TRUE,8652480
"United States",2008,11,"ND",4e+05,90,3.6e+07,8640000,1.36,48960000,TRUE,11750400
"United States",2009,11,"ND",450000,77,34650000,7623000,1.38,47817000,TRUE,10519740
"United States",2010,12,"ND",510000,91,46410000,12995000,1.5,69615000,TRUE,19492500
"United States",2011,12,"ND",460000,71,32660000,7512000,1.67,54542000,TRUE,12545040
"United States",2012,13,"ND",480000,69,33120000,5962000,1.92,63590000,TRUE,11447040
"United States",2000,11,"OH",18000,65,1170000,585000,0.79,924000,TRUE,462150
"United States",2001,12,"OH",18000,81,1458000,569000,1.01,1473000,TRUE,574690
"United States",2002,12,"OH",18000,70,1260000,504000,1.44,1814000,TRUE,725760
"United States",2003,11,"OH",15000,50,750000,278000,1.4,1050000,TRUE,389200
"United States",2004,12,"OH",16000,58,928000,353000,1.53,1420000,TRUE,540090
"United States",2005,12,"OH",15000,69,1035000,580000,1.4,1449000,TRUE,812000
"United States",2006,12,"OH",14000,56,784000,282000,1.4,1098000,TRUE,394800
"United States",2007,12,"OH",14000,61,854000,376000,1.77,1512000,TRUE,665520
"United States",2008,11,"OH",14000,53,742000,371000,1.68,1247000,TRUE,623280
"United States",2009,11,"OH",11000,50,550000,132000,2.81,1546000,TRUE,370920
"United States",2010,12,"OH",18000,62,1116000,346000,2.28,2544000,TRUE,788880
"United States",2011,12,"OH",15000,66,990000,228000,2.34,2317000,TRUE,533520
"United States",2012,13,"OH",18000,60,1080000,410000,2.46,2657000,TRUE,1008600
"United States",2000,11,"OK",7000,35,245000,64000,1.26,309000,FALSE,80640
"United States",2001,12,"OK",4000,47,188000,105000,1.43,269000,FALSE,150150
"United States",2002,12,"OK",3000,53,159000,51000,1.63,259000,TRUE,83130
"United States",2003,11,"OK",3000,47,141000,69000,1.84,259000,FALSE,126960
"United States",2000,11,"OR",48000,51,2448000,1665000,0.66,1616000,TRUE,1098900
"United States",2001,12,"OR",44000,44,1936000,1200000,0.74,1433000,FALSE,888000
"United States",2002,12,"OR",43000,49,2107000,885000,1.35,2844000,TRUE,1194750
"United States",2003,11,"OR",42000,51,2142000,964000,1.27,2720000,TRUE,1224280
"United States",2004,12,"OR",42000,54,2268000,1111000,1.21,2744000,TRUE,1344310
"United States",2005,12,"OR",39000,42,1638000,557000,1.08,1769000,FALSE,601560
"United States",2006,12,"OR",46000,48,2208000,729000,1.05,2318000,TRUE,765450
"United States",2007,12,"OR",46000,43,1978000,1088000,1.31,2591000,FALSE,1425280
"United States",2008,11,"OR",50000,43,2150000,1097000,1.41,3032000,FALSE,1546770
"United States",2009,11,"OR",55000,34,1870000,767000,1.54,2880000,FALSE,1181180
"United States",2010,12,"OR",59000,39,2301000,874000,1.63,3751000,FALSE,1424620
"United States",2011,12,"OR",60000,34,2040000,755000,1.68,3427000,FALSE,1268400
"United States",2012,13,"OR",60000,32,1920000,845000,2.16,4147000,FALSE,1825200
"United States",2000,11,"PA",25000,45,1125000,630000,0.76,855000,FALSE,478800
"United States",2001,12,"PA",26000,57,1482000,785000,0.92,1363000,TRUE,722200
"United States",2002,12,"PA",29000,57,1653000,827000,1.34,2215000,TRUE,1108180
"United States",2003,11,"PA",27000,50,1350000,419000,1.44,1944000,TRUE,603360
"United States",2004,12,"PA",30000,54,1620000,810000,1.42,2300000,TRUE,1150200
"United States",2005,12,"PA",28000,56,1568000,8e+05,1.12,1756000,TRUE,896000
"United States",2006,12,"PA",28000,40,1120000,605000,1.63,1826000,FALSE,986150
"United States",2007,12,"PA",25000,42,1050000,326000,1.7,1785000,FALSE,554200
"United States",2008,11,"PA",23000,48,1104000,276000,1.65,1822000,TRUE,455400
"United States",2009,11,"PA",21000,40,840000,319000,2.03,1705000,FALSE,647570
"United States",2010,12,"PA",30000,37,1110000,377000,2.13,2364000,FALSE,803010
"United States",2011,12,"PA",24000,44,1056000,306000,2.55,2693000,FALSE,780300
"United States",2012,13,"PA",16000,60,960000,269000,2.57,2467000,TRUE,691330
"United States",2001,12,"SC",7000,40,280000,67000,0.79,221000,FALSE,52930
"United States",2002,12,"SC",5000,94,470000,14000,1.25,588000,TRUE,17500
"United States",2003,11,"SC",4000,70,280000,8000,1.89,529000,TRUE,15120
"United States",2000,11,"SD",235000,121,28435000,12796000,0.58,16492000,TRUE,7421680
"United States",2001,12,"SD",235000,65,15275000,12220000,0.71,10845000,TRUE,8676200
"United States",2002,12,"SD",225000,51,11475000,2410000,1.42,16295000,TRUE,3422200
"United States",2003,11,"SD",215000,70,15050000,2709000,1.43,21522000,TRUE,3873870
"United States",2004,12,"SD",215000,105,22575000,13545000,1.01,22801000,TRUE,13680450
"United States",2005,12,"SD",220000,79,17380000,11818000,0.83,14425000,TRUE,9808940
"United States",2006,12,"SD",225000,47,10575000,10575000,0.94,9941000,FALSE,9940500
"United States",2007,12,"SD",255000,52,13260000,10608000,1.02,13525000,TRUE,10820160
"United States",2008,11,"SD",225000,95,21375000,11970000,1.34,28643000,TRUE,16039800
"United States",2009,11,"SD",270000,66,17820000,6237000,1.42,25304000,TRUE,8856540
"United States",2010,12,"SD",265000,58,15370000,4765000,1.51,23209000,TRUE,7195150
"United States",2011,12,"SD",250000,66,16500000,4290000,1.7,28050000,TRUE,7293000
"United States",2012,13,"SD",260000,63,16380000,3604000,1.95,31941000,TRUE,7027800
"United States",2000,11,"TN",9000,61,549000,104000,1.43,785000,TRUE,148720
"United States",2001,12,"TN",8000,59,472000,131000,1.39,656000,TRUE,182090
"United States",2002,12,"TN",8000,61,488000,137000,1.4,683000,TRUE,191800
"United States",2003,11,"TN",6000,40,240000,46000,1.52,365000,FALSE,69920
"United States",2004,12,"TN",6000,54,324000,91000,1.73,561000,TRUE,157430
"United States",2005,12,"TN",7000,55,385000,92000,1.67,643000,TRUE,153640
"United States",2006,12,"TN",7000,55,385000,58000,1.84,708000,TRUE,106720
"United States",2007,12,"TN",7000,65,455000,114000,1.99,905000,TRUE,226860
"United States",2008,11,"TN",7000,61,427000,149000,2.09,892000,TRUE,311410
"United States",2009,11,"TN",7000,51,357000,86000,2.37,846000,TRUE,203820
"United States",2010,12,"TN",8000,63,504000,106000,2.5,1260000,TRUE,265000
"United States",2011,12,"TN",7000,44,308000,68000,2.93,902000,FALSE,199240
"United States",2012,13,"TN",6000,61,366000,59000,2.93,1072000,TRUE,172870
"United States",2000,11,"TX",105000,79,8295000,2986000,0.57,4728000,TRUE,1702020
"United States",2001,12,"TX",97000,79,7663000,1533000,0.65,4981000,TRUE,996450
"United States",2002,12,"TX",114000,67,7638000,985000,1.14,8707000,TRUE,1122900
"United States",2003,11,"TX",140000,67,9380000,1126000,1.4,13132000,TRUE,1576400
"United States",2004,12,"TX",116000,76,8816000,1411000,0.97,8552000,TRUE,1368670
"United States",2005,12,"TX",84000,71,5964000,954000,0.86,5129000,TRUE,820440
"United States",2006,12,"TX",82000,70,5740000,976000,0.89,5109000,TRUE,868640
"United States",2007,12,"TX",105000,82,8610000,1550000,0.96,8266000,TRUE,1488000
"United States",2008,11,"TX",77000,64,4928000,1380000,1.34,6604000,TRUE,1849200
"United States",2009,11,"TX",89000,63,5607000,1065000,1.39,7794000,TRUE,1480350
"United States",2010,12,"TX",1e+05,72,7200000,792000,1.51,10872000,TRUE,1195920
"United States",2011,12,"TX",78000,58,4524000,633000,1.78,8053000,TRUE,1126740
"United States",2012,13,"TX",92000,52,4784000,718000,2,9568000,TRUE,1436000
"United States",2000,11,"UT",24000,41,984000,462000,0.6,590000,FALSE,277200
"United States",2001,12,"UT",23000,38,874000,315000,0.65,568000,FALSE,204750
"United States",2002,12,"UT",22000,59,1298000,208000,1.3,1687000,TRUE,270400
"United States",2003,11,"UT",25000,57,1425000,157000,1.28,1824000,TRUE,200960
"United States",2004,12,"UT",24000,70,1680000,554000,1.1,1848000,TRUE,609400
"United States",2005,12,"UT",24000,45,1080000,346000,0.95,1026000,FALSE,328700
"United States",2006,12,"UT",26000,50,1300000,299000,0.98,1274000,TRUE,293020
"United States",2007,12,"UT",28000,42,1176000,270000,1.13,1329000,FALSE,305100
"United States",2008,11,"UT",28000,48,1344000,242000,1.57,2110000,TRUE,379940
"United States",2009,11,"UT",26000,38,988000,198000,1.46,1442000,FALSE,289080
"United States",2010,12,"UT",26000,30,780000,195000,1.53,1193000,FALSE,298350
"United States",2011,12,"UT",23000,39,897000,170000,1.75,1570000,FALSE,297500
"United States",2012,13,"UT",25000,38,950000,209000,1.87,1777000,FALSE,390830
"United States",2000,11,"VT",7000,59,413000,211000,0.68,281000,TRUE,143480
"United States",2001,12,"VT",7000,81,567000,249000,0.92,522000,TRUE,229080
"United States",2002,12,"VT",7000,89,623000,274000,1.2,748000,TRUE,328800
"United States",2003,11,"VT",7000,83,581000,163000,1.96,1139000,TRUE,319480
"United States",2004,12,"VT",6000,68,408000,192000,1.51,616000,TRUE,289920
"United States",2005,12,"VT",6000,91,546000,169000,1.12,612000,TRUE,189280
"United States",2006,12,"VT",6000,56,336000,144000,1.2,403000,TRUE,172800
"United States",2007,12,"VT",5000,64,320000,96000,1.7,544000,TRUE,163200
"United States",2008,11,"VT",5000,66,330000,119000,2.2,726000,TRUE,261800
"United States",2009,11,"VT",5000,49,245000,69000,2.01,492000,TRUE,138690
"United States",2010,12,"VT",4000,65,260000,73000,3.1,806000,TRUE,226300
"United States",2011,12,"VT",4000,43,172000,43000,2.31,397000,FALSE,99330
"United States",2012,13,"VT",4000,60,240000,53000,2.39,574000,TRUE,126670
"United States",2000,11,"VA",7000,42,294000,103000,1.5,441000,FALSE,154500
"United States",2001,12,"VA",9000,52,468000,94000,1.26,590000,TRUE,118440
"United States",2002,12,"VA",8000,38,304000,79000,1.9,578000,FALSE,150100
"United States",2003,11,"VA",6000,37,222000,69000,1.68,373000,FALSE,115920
"United States",2004,12,"VA",7000,38,266000,69000,2.1,559000,FALSE,144900
"United States",2005,12,"VA",8000,37,296000,59000,2.2,651000,FALSE,129800
"United States",2006,12,"VA",8000,42,336000,114000,2.2,739000,FALSE,250800
"United States",2007,12,"VA",6000,46,276000,63000,2.43,671000,FALSE,153090
"United States",2008,11,"VA",6000,42,252000,45000,2.42,610000,FALSE,108900
"United States",2009,11,"VA",6000,39,234000,56000,3.45,807000,FALSE,193200
"United States",2010,12,"VA",5000,37,185000,37000,3.32,614000,FALSE,122840
"United States",2011,12,"VA",4000,40,160000,21000,4.07,651000,FALSE,85470
"United States",2012,13,"VA",4000,41,164000,23000,3.77,618000,FALSE,86710
"United States",2000,11,"WA",52000,54,2808000,1151000,0.58,1629000,TRUE,667580
"United States",2001,12,"WA",48000,52,2496000,1048000,0.72,1797000,TRUE,754560
"United States",2002,12,"WA",50000,51,2550000,561000,1.27,3239000,TRUE,712470
"United States",2003,11,"WA",58000,56,3248000,942000,1.46,4742000,TRUE,1375320
"United States",2004,12,"WA",56000,63,3528000,1376000,0.98,3457000,TRUE,1348480
"United States",2005,12,"WA",51000,55,2805000,1935000,1.01,2833000,TRUE,1954350
"United States",2006,12,"WA",49000,52,2548000,1605000,1.24,3160000,TRUE,1990200
"United States",2007,12,"WA",46000,44,2024000,648000,1.25,2530000,FALSE,810000
"United States",2008,11,"WA",49000,44,2156000,862000,1.51,3256000,FALSE,1301620
"United States",2009,11,"WA",62000,44,2728000,1064000,1.58,4310000,FALSE,1681120
"United States",2010,12,"WA",71000,37,2627000,1077000,1.57,4124000,FALSE,1690890
"United States",2011,12,"WA",71000,38,2698000,836000,1.93,5207000,FALSE,1613480
"United States",2012,13,"WA",62000,41,2542000,1017000,2.38,6050000,FALSE,2420460
"United States",2000,11,"WV",7000,54,378000,234000,1.22,461000,TRUE,285480
"United States",2001,12,"WV",7000,65,455000,410000,1.42,646000,TRUE,582200
"United States",2002,12,"WV",9000,51,459000,151000,1.32,606000,TRUE,199320
"United States",2003,11,"WV",8000,47,376000,194000,1.89,711000,FALSE,366660
"United States",2004,12,"WV",9000,55,495000,183000,1.41,698000,TRUE,258030
"United States",2005,12,"WV",8000,51,408000,102000,1.29,526000,TRUE,131580
"United States",2006,12,"WV",6000,42,252000,68000,2.02,509000,FALSE,137360
"United States",2007,12,"WV",6000,48,288000,95000,2.09,602000,TRUE,198550
"United States",2008,11,"WV",6000,43,258000,49000,2.16,557000,FALSE,105840
"United States",2009,11,"WV",5000,37,185000,33000,2.6,481000,FALSE,85800
"United States",2010,12,"WV",5000,40,2e+05,40000,2.39,478000,FALSE,95600
"United States",2011,12,"WV",4000,53,212000,45000,2.57,545000,TRUE,115650
"United States",2012,13,"WV",6000,48,288000,95000,2.91,838000,TRUE,276450
"United States",2000,11,"WI",84000,90,7560000,4385000,0.68,5141000,TRUE,2981800
"United States",2001,12,"WI",67000,81,5427000,3419000,0.82,4450000,TRUE,2803580
"United States",2002,12,"WI",70000,95,6650000,2461000,1.34,8911000,TRUE,3297740
"United States",2003,11,"WI",74000,77,5698000,2678000,1.47,8376000,TRUE,3936660
"United States",2004,12,"WI",68000,86,5848000,2632000,1.19,6959000,TRUE,3132080
"United States",2005,12,"WI",64000,83,5312000,2922000,1.14,6056000,TRUE,3331080
"United States",2006,12,"WI",64000,93,5952000,2500000,1.12,6666000,TRUE,2800000
"United States",2007,12,"WI",60000,84,5040000,3024000,1.22,6149000,TRUE,3689280
"United States",2008,11,"WI",58000,80,4640000,2366000,1.5,6960000,TRUE,3549000
"United States",2009,11,"WI",63000,60,3780000,1588000,1.58,5972000,TRUE,2509040
"United States",2010,12,"WI",64000,64,4096000,1556000,1.68,6881000,TRUE,2614080
"United States",2011,12,"WI",57000,63,3591000,1508000,1.89,6787000,TRUE,2850120
"United States",2012,13,"WI",60000,69,4140000,1863000,2.05,8487000,TRUE,3819150
"United States",2000,11,"WY",39000,93,3627000,798000,0.59,2140000,TRUE,470820
"United States",2001,12,"WY",38000,77,2926000,468000,0.65,1902000,TRUE,304200
"United States",2002,12,"WY",38000,63,2394000,383000,1.33,3184000,TRUE,509390
"United States",2003,11,"WY",39000,81,3159000,474000,1.41,4454000,TRUE,668340
"United States",2004,12,"WY",39000,75,2925000,380000,1.1,3218000,TRUE,418000
"United States",2005,12,"WY",40000,56,2240000,291000,0.89,1994000,TRUE,258990
"United States",2006,12,"WY",39000,85,3315000,497000,0.98,3249000,TRUE,487060
"United States",2007,12,"WY",43000,80,3440000,894000,1,3440000,TRUE,894000
"United States",2008,11,"WY",39000,61,2379000,381000,1.37,3259000,TRUE,521970
"United States",2009,11,"WY",37000,48,1776000,391000,1.43,2540000,TRUE,559130
"United States",2010,12,"WY",34000,36,1224000,282000,1.59,1946000,FALSE,448380
"United States",2011,12,"WY",35000,54,1890000,265000,1.72,3251000,TRUE,455800
"United States",2012,13,"WY",50000,51,2550000,459000,1.87,4769000,TRUE,858330
